,label,importance
0,有意义单词占比,32685.881853103638
1,1-gram,8596.950769424438
2,2-gram,7625.293731689453
3,3-gram,6214.708089828491
4,4-gram,3831.4472883939743
5,5-gram,2682.3975145816803
6,数字占比,2155.884727835655
7,不同字母占比,1990.038901567459
8,不同数字占比,1224.241591989994
9,长度,20495.65017223358
10,元音字母占比,11241.018027067184
11,字母数字的交换次数,1256.4796023070812
